model,RMSE,R2,MAPE
"LinearRegressionModel: uid=LinearRegression_7269685f1500, numFeatures=33",0.5989429147178739,0.5176319021372411,0.07665863940826771
"GBTRegressionModel: uid=GBTRegressor_b44449a88eb7, numTrees=20, numFeatures=33",0.5761435407829625,0.5536566090253534,0.07311977579463237
